,campanha,impressoes,cliques,gasto_total,conversões,dias_campanha,CTR(%),CPC(R$),CPA(R$),impressoes_dia,cliques_dia,gasto_dia
0,Acessorios,1146610,61325,79066.14,32284,103,5.35,1.29,2.45,11132.135922330097,595.3883495145631,767.632427184466
1,Blusas Inverno,1944572,99389,137977.34,48660,188,5.11,1.39,2.84,10343.468085106382,528.6648936170212,733.9220212765957
2,Camisetas Filmes,4670706,248605,342610.61,123755,432,5.32,1.38,2.77,10811.819444444445,575.4745370370371,793.0801157407407
3,Camisetas Series,2929864,147047,216356.5,76375,277,5.02,1.47,2.83,10577.126353790614,530.85559566787,781.0703971119134
